data.latitude,data.longitude,data.type,data.name,data.number,data.postal_code,data.street,data.confidence,data.region,data.region_code,data.county,data.locality,data.administrative_area,data.neighbourhood,data.country,data.country_code,data.continent,data.label
39.715956,-96.999668,country,United States,NA,NA,NA,1,NA,NA,NA,NA,NA,NA,United States,USA,North America,United States
52.418788,-1.247349,country,United Kingdom,NA,NA,NA,1,NA,NA,NA,NA,NA,NA,United Kingdom,GBR,Europe,United Kingdom
22.364293,79.029432,country,India,NA,NA,NA,1,NA,NA,NA,NA,NA,NA,India,IND,Asia,India
53.078731,-7.798618,country,Ireland,NA,NA,NA,1,NA,NA,NA,NA,NA,NA,Ireland,IRL,Europe,Ireland
52.33417,-6.4575,locality,Wexford,NA,NA,NA,1,Wexford,WX,NA,Wexford,NA,NA,Ireland,IRL,Europe,"Wexford, Ireland"
52.33417,-6.4575,locality,Wexford,NA,NA,NA,1,Wexford,WX,NA,Wexford,NA,NA,Ireland,IRL,Europe,"Wexford, Ireland"
44.782449,20.46444,locality,Belgrade,NA,NA,NA,1,Grad Beograd,BG,NA,Belgrade,Savski Venac,NA,Serbia,SRB,Europe,"Belgrade, BG, Serbia"
44.782449,20.46444,locality,Belgrade,NA,NA,NA,1,Grad Beograd,BG,NA,Belgrade,Savski Venac,NA,Serbia,SRB,Europe,"Belgrade, BG, Serbia"
44.251791,20.589197,country,Serbia,NA,NA,NA,1,NA,NA,NA,NA,NA,NA,Serbia,SRB,Europe,Serbia
-23.992438,134.050443,country,Australia,NA,NA,NA,1,NA,NA,NA,NA,NA,NA,Australia,AUS,Oceania,Australia
29.329836,68.560265,country,Pakistan,NA,NA,NA,1,NA,NA,NA,NA,NA,NA,Pakistan,PAK,Asia,Pakistan
-37.840615,145.073681,locality,Camberwell,NA,NA,NA,0.6,Victoria,VIC,Boroondara,Camberwell,Camberwell,NA,Australia,AUS,Oceania,"Camberwell, VIC, Australia"
51.475541,-0.083215,neighbourhood,Camberwell,NA,NA,NA,1,Greater London,NA,NA,London,NA,Camberwell,United Kingdom,GBR,Europe,"Camberwell, London, England, United Kingdom"
46.730219,7.509687,country,Switzerland,NA,NA,NA,1,NA,NA,NA,NA,NA,NA,Switzerland,CHE,Europe,Switzerland
38.82652,-77.01712,locality,Washington,NA,NA,NA,1,District of Columbia,DC,District of Columbia,Washington,NA,NA,United States,USA,North America,"Washington, DC, USA"
38.82652,-77.01712,locality,Washington,NA,NA,NA,1,District of Columbia,DC,District of Columbia,Washington,NA,NA,United States,USA,North America,"Washington, DC, USA"
43.115138,-77.582288,locality,Brighton,NA,NA,NA,1,New York,NY,Monroe County,Brighton,Brighton,NA,United States,USA,North America,"Brighton, NY, USA"
50.830346,-0.169974,neighbourhood,Brighton,NA,NA,NA,0.6,East Sussex,NA,The City of Brighton and Hove,Brighton and Hove,NA,Brighton,United Kingdom,GBR,Europe,"Brighton, Brighton and Hove, England, United Kingdom"
36.531544,-119.586168,region,California,NA,NA,NA,1,California,CA,NA,NA,NA,NA,United States,USA,North America,"California, USA"
36.531544,-119.586168,region,California,NA,NA,NA,1,California,CA,NA,NA,NA,NA,United States,USA,North America,"California, USA"
41.308658,-72.925297,locality,New Haven,NA,NA,NA,1,Connecticut,CT,New Haven County,New Haven,New Haven,NA,United States,USA,North America,"New Haven, CT, USA"
41.308658,-72.925297,locality,New Haven,NA,NA,NA,1,Connecticut,CT,New Haven County,New Haven,New Haven,NA,United States,USA,North America,"New Haven, CT, USA"
40.02866,-75.36745,locality,Radnor Township,NA,NA,NA,1,Pennsylvania,PA,Delaware County,Radnor Township,Radnor Township,NA,United States,USA,North America,"Radnor Township, PA, USA"
40.02866,-75.36745,locality,Radnor Township,NA,NA,NA,1,Pennsylvania,PA,Delaware County,Radnor Township,Radnor Township,NA,United States,USA,North America,"Radnor Township, PA, USA"
57.222921,-135.293483,locality,Sitka,NA,NA,NA,1,Alaska,AK,Sitka City and Borough,Sitka,NA,NA,United States,USA,North America,"Sitka, AK, USA"
57.222921,-135.293483,locality,Sitka,NA,NA,NA,1,Alaska,AK,Sitka City and Borough,Sitka,NA,NA,United States,USA,North America,"Sitka, AK, USA"
26.879641,80.569820000000007,region,Uttar Pradesh,NA,NA,NA,1,Uttar Pradesh,UP,NA,NA,NA,NA,India,IND,Asia,"Uttar Pradesh, India"
26.879641,80.569820000000007,region,Uttar Pradesh,NA,NA,NA,1,Uttar Pradesh,UP,NA,NA,NA,NA,India,IND,Asia,"Uttar Pradesh, India"
52.209881,0.121971,locality,Cambridge,NA,NA,NA,1,Cambridgeshire,NA,Cambridgeshire,Cambridge,NA,NA,United Kingdom,GBR,Europe,"Cambridge, England, United Kingdom"
42.38036,-71.115987,locality,Cambridge,NA,NA,NA,1,Massachusetts,MA,Middlesex County,Cambridge,Cambridge,NA,United States,USA,North America,"Cambridge, MA, USA"
58.33747,-112.384858,country,Canada,NA,NA,NA,1,NA,NA,NA,NA,NA,NA,Canada,CAN,North America,Canada
-17.834016,177.972004,country,Fiji,NA,NA,NA,1,NA,NA,NA,NA,NA,NA,Fiji,FJI,Oceania,Fiji
63.252357,27.276469,country,Finland,NA,NA,NA,1,NA,NA,NA,NA,NA,NA,Finland,FIN,Europe,Finland
29.784753,-95.361416,locality,Houston,NA,NA,NA,1,Texas,TX,Harris County,Houston,NA,NA,United States,USA,North America,"Houston, TX, USA"
29.784753,-95.361416,locality,Houston,NA,NA,NA,1,Texas,TX,Harris County,Houston,NA,NA,United States,USA,North America,"Houston, TX, USA"
48.51667,66.76667,locality,Kazakhstan,NA,NA,NA,0.6,Qaraghandy,QG,Ulytauskiy,Kazakhstan,NA,NA,Kazakhstan,KAZ,Asia,"Kazakhstan, QG, Kazakhstan"
-41.448042,173.932028,region,Marlborough Region,NA,NA,NA,0.3,Marlborough Region,MA,NA,NA,NA,NA,New Zealand,NZL,Oceania,"Marlborough Region, New Zealand"
42.350032,-71.546806,locality,Marlborough,NA,NA,NA,1,Massachusetts,MA,Middlesex County,Marlborough,Marlborough,NA,United States,USA,North America,"Marlborough, MA, USA"
27.15,85.9,locality,Nepal,NA,NA,NA,0.6,Three,TH,Sindhuli,Nepal,NA,NA,Nepal,NPL,Asia,"Nepal, TH, Nepal"
40.860198,-77.838617,region,Pennsylvania,NA,NA,NA,1,Pennsylvania,PA,NA,NA,NA,NA,United States,USA,North America,"Pennsylvania, USA"
40.860198,-77.838617,region,Pennsylvania,NA,NA,NA,1,Pennsylvania,PA,NA,NA,NA,NA,United States,USA,North America,"Pennsylvania, USA"
-31.960773,115.834088,locality,Perth,NA,NA,NA,1,Western Australia,WA,Perth,Perth,Perth,NA,Australia,AUS,Oceania,"Perth, WA, Australia"
-31.960773,115.834088,locality,Perth,NA,NA,NA,1,Western Australia,WA,Perth,Perth,Perth,NA,Australia,AUS,Oceania,"Perth, WA, Australia"
35,105,country,China,NA,NA,NA,1,NA,NA,NA,NA,NA,NA,China,CHN,Asia,China
-24.618994,25.929288,region,South-East,NA,NA,NA,0.3,South-East,GB,NA,NA,NA,NA,Botswana,BWA,Africa,"South-East, Botswana"
52.59431,-1.461208,macroregion,England,NA,NA,NA,0.1,NA,NA,NA,NA,NA,NA,United Kingdom,GBR,Europe,"England, United Kingdom"
40.09095,-3.464618,country,Spain,NA,NA,NA,1,NA,NA,NA,NA,NA,NA,Spain,ESP,Europe,Spain
52.557366,-0.124229,locality,Whittlesey,NA,NA,NA,1,Cambridgeshire,NA,Cambridgeshire,Whittlesey,Whittlesey,NA,United Kingdom,GBR,Europe,"Whittlesey, England, United Kingdom"
52.557366,-0.124229,locality,Whittlesey,NA,NA,NA,1,Cambridgeshire,NA,Cambridgeshire,Whittlesey,Whittlesey,NA,United Kingdom,GBR,Europe,"Whittlesey, England, United Kingdom"
-11.928923,-49.542449,country,Brazil,NA,NA,NA,1,NA,NA,NA,NA,NA,NA,Brazil,BRA,South America,Brazil
40.652256,-73.956582,borough,Brooklyn,NA,NA,NA,1,New York,NY,Kings County,New York,NA,NA,United States,USA,North America,"Brooklyn, NY, USA"
40.652256,-73.956582,borough,Brooklyn,NA,NA,NA,1,New York,NY,Kings County,New York,NA,NA,United States,USA,North America,"Brooklyn, NY, USA"
51.305151,-0.409917,venue,Cobham Services,NA,KT11 3JS,NA,1,Surrey,NA,Surrey,Cobham,NA,NA,United Kingdom,GBR,Europe,"Cobham Services, Cobham, England, United Kingdom"
31.38604,-82.45347,locality,Crawley,NA,NA,NA,1,Georgia,GA,Ware County,Crawley,NA,NA,United States,USA,North America,"Crawley, GA, USA"
-24.618994,25.929288,region,South-East,NA,NA,NA,0.3,South-East,GB,NA,NA,NA,NA,Botswana,BWA,Africa,"South-East, Botswana"
-19.29882,29.916104,region,Midlands,NA,NA,NA,0.3,Midlands,MI,NA,NA,NA,NA,Zimbabwe,ZWE,Africa,"Midlands, Zimbabwe"
52.59431,-1.461208,macroregion,England,NA,NA,NA,0.1,NA,NA,NA,NA,NA,NA,United Kingdom,GBR,Europe,"England, United Kingdom"
46.698481,2.549047,country,France,NA,NA,NA,1,NA,NA,NA,NA,NA,NA,France,FRA,Europe,France
26.530786,-78.630123,region,City of Freeport,NA,NA,NA,0.3,City of Freeport,FP,NA,NA,NA,NA,The Bahamas,BHS,North America,"City of Freeport, The Bahamas"
40.653882,-73.585373,locality,Freeport,NA,NA,NA,1,New York,NY,Nassau County,Freeport,Hempstead,NA,United States,USA,North America,"Freeport, NY, USA"
42.383238,-71.142884,venue,Fresh Pond Reservation,NA,NA,NA,1,Massachusetts,MA,Middlesex County,Cambridge,Cambridge,NA,United States,USA,North America,"Fresh Pond Reservation, Cambridge, MA, USA"
50.970097,9.687096,country,Germany,NA,NA,NA,1,NA,NA,NA,NA,NA,NA,Germany,DEU,Europe,Germany
56.180632,-3.179161,locality,Glenrothes,NA,NA,NA,1,Fife,NA,Fife,Glenrothes,Fife,NA,United Kingdom,GBR,Europe,"Glenrothes, Scotland, United Kingdom"
56.180632,-3.179161,locality,Glenrothes,NA,NA,NA,1,Fife,NA,Fife,Glenrothes,Fife,NA,United Kingdom,GBR,Europe,"Glenrothes, Scotland, United Kingdom"
60.20787,24.99935,locality,Helsinki,NA,NA,NA,1,Uusimaa,NA,Helsinki,Helsinki,NA,NA,Finland,FIN,Europe,"Helsinki, Finland"
60.20787,24.99935,locality,Helsinki,NA,NA,NA,1,Uusimaa,NA,Helsinki,Helsinki,NA,NA,Finland,FIN,Europe,"Helsinki, Finland"
33.72148,73.04329,locality,Islamabad,NA,NA,NA,1,Islamabad,IS,NA,Islamabad,NA,NA,Pakistan,PAK,Asia,"Islamabad, Pakistan"
33.72148,73.04329,locality,Islamabad,NA,NA,NA,1,Islamabad,IS,NA,Islamabad,NA,NA,Pakistan,PAK,Asia,"Islamabad, Pakistan"
41.01384,28.94966,locality,Istanbul,NA,NA,NA,1,Istanbul,IB,Fatih,Istanbul,NA,NA,Turkey,TUR,Asia,"Istanbul, Turkey"
41.01384,28.94966,locality,Istanbul,NA,NA,NA,1,Istanbul,IB,Fatih,Istanbul,NA,NA,Turkey,TUR,Asia,"Istanbul, Turkey"
45.003229,11.083693,country,Italy,NA,NA,NA,1,NA,NA,NA,NA,NA,NA,Italy,ITA,Europe,Italy
28.537195,77.167729,venue,Jawaharlal Nehru University,NA,110067,NA,1,Delhi,DL,South West,Delhi,NA,JNU Campus Area,India,IND,Asia,"Jawaharlal Nehru University, Delhi, India"
52.087926,5.164229,venue,SRON Netherlands Institute for Space Research,NA,NA,NA,0.8,Utrecht,UT,NA,Utrecht,NA,The Uithof,Netherlands,NLD,Europe,"SRON Netherlands Institute for Space Research, Utrecht, Netherlands"
10.96389,-74.79639,locality,Barranquilla,NA,NA,NA,1,Atlántico,AT,Barranquilla,Barranquilla,NA,NA,Colombia,COL,South America,"Barranquilla, AT, Colombia"
25.766368,-80.210268,locality,Miami,NA,NA,NA,1,Florida,FL,Miami-Dade County,Miami,NA,NA,United States,USA,North America,"Miami, FL, USA"
40.68295,-73.9708,locality,New York,NA,NA,NA,0.6,New York,NY,Kings County,New York,NA,NA,United States,USA,North America,"New York, NY, USA"
40.68295,-73.9708,locality,New York,NA,NA,NA,1,New York,NY,Kings County,New York,NA,NA,United States,USA,North America,"New York, NY, USA"
31.110484,72.384598,region,Punjab,NA,NA,NA,1,Punjab,PB,NA,NA,NA,NA,Pakistan,PAK,Asia,"Punjab, Pakistan"
31.110484,72.384598,region,Punjab,NA,NA,NA,1,Punjab,PB,NA,NA,NA,NA,Pakistan,PAK,Asia,"Punjab, Pakistan"
51.509002,-0.139454,venue,Royal Academy of Arts,NA,W1J 0BD,Piccadilly,1,Greater London,NA,NA,London,NA,Mayfair,United Kingdom,GBR,Europe,"Royal Academy of Arts, London, England, United Kingdom"
11.156336,78.070632,venue,Sathambur Selliyamman Temple,NA,NA,NA,1,Tamil Nadu,TN,Namakkal,NA,NA,NA,India,IND,Asia,"Sathambur Selliyamman Temple, TN, India"
41.209015,-73.133855,locality,Stratford,NA,NA,NA,1,Connecticut,CT,Fairfield County,Stratford,Stratford,NA,United States,USA,North America,"Stratford, CT, USA"
51.539058,-0.003909,neighbourhood,Stratford,NA,NA,NA,0.6,Greater London,NA,NA,London,NA,Stratford,United Kingdom,GBR,Europe,"Stratford, London, England, United Kingdom"
-33.868633,151.209421,locality,Sydney,NA,NA,NA,1,New South Wales,NSW,Sydney,Sydney,Sydney,NA,Australia,AUS,Oceania,"Sydney, NSW, Australia"
-33.868633,151.209421,locality,Sydney,NA,NA,NA,1,New South Wales,NSW,Sydney,Sydney,Sydney,NA,Australia,AUS,Oceania,"Sydney, NSW, Australia"
-5.869032,34.800732000000004,country,Tanzania,NA,NA,NA,1,NA,NA,NA,NA,NA,NA,Tanzania,TZA,Africa,Tanzania
43.64877,-79.38171,locality,Toronto,NA,NA,NA,1,Ontario,ON,Toronto,Toronto,NA,NA,Canada,CAN,North America,"Toronto, ON, Canada"
43.64877,-79.38171,locality,Toronto,NA,NA,NA,1,Ontario,ON,Toronto,Toronto,NA,NA,Canada,CAN,North America,"Toronto, ON, Canada"
39.339547,34.51052,country,Turkey,NA,NA,NA,1,NA,NA,NA,NA,NA,NA,Turkey,TUR,Asia,Turkey
52.939703,-1.195916,venue,University of Nottingham,NA,NG7 2RD,University Boulevard,1,Nottinghamshire,NA,City of Nottingham,Nottingham,NA,NA,United Kingdom,GBR,Europe,"University of Nottingham, Nottingham, England, United Kingdom"
37.73086,-78.376655,region,Virginia,NA,NA,NA,1,Virginia,VA,NA,NA,NA,NA,United States,USA,North America,"Virginia, USA"
37.73086,-78.376655,region,Virginia,NA,NA,NA,1,Virginia,VA,NA,NA,NA,NA,United States,USA,North America,"Virginia, USA"
-6.169196,39.237333,region,Zanzibar West,NA,NA,NA,1,Zanzibar West,ZW,NA,NA,NA,NA,Tanzania,TZA,Africa,"Zanzibar West, Tanzania"
-6.169196,39.237333,region,Zanzibar West,NA,NA,NA,0.3,Zanzibar West,ZW,NA,NA,NA,NA,Tanzania,TZA,Africa,"Zanzibar West, Tanzania"
30.439988,-9.620044,locality,Agadir,NA,NA,NA,1,Suss-Massa-Draa,SM,NA,Agadir,NA,NA,Morocco,MAR,Africa,"Agadir, SM, Morocco"
30.439988,-9.620044,locality,Agadir,NA,NA,NA,1,Suss-Massa-Draa,SM,NA,Agadir,NA,NA,Morocco,MAR,Africa,"Agadir, SM, Morocco"
33.555243,-81.717497,locality,Aiken,NA,NA,NA,1,South Carolina,SC,Aiken County,Aiken,NA,NA,United States,USA,North America,"Aiken, SC, USA"
33.555243,-81.717497,locality,Aiken,NA,NA,NA,1,South Carolina,SC,Aiken County,Aiken,NA,NA,United States,USA,North America,"Aiken, SC, USA"
35.128683,-106.579128,locality,Albuquerque,NA,NA,NA,1,New Mexico,NM,Bernalillo County,Albuquerque,NA,NA,United States,USA,North America,"Albuquerque, NM, USA"
35.128683,-106.579128,locality,Albuquerque,NA,NA,NA,1,New Mexico,NM,Bernalillo County,Albuquerque,NA,NA,United States,USA,North America,"Albuquerque, NM, USA"
45.09234,-64.5104,locality,Aldershot,NA,NA,NA,1,NA,NA,NA,Aldershot,NA,NA,Canada,CAN,NA,"Aldershot, Canada"
52.59431,-1.461208,macroregion,England,NA,NA,NA,0.1,NA,NA,NA,NA,NA,NA,United Kingdom,GBR,Europe,"England, United Kingdom"
31.21564,29.95527,locality,Alexandria,NA,NA,NA,1,Alexandria,IK,Sidy Gaber,Alexandria,NA,NA,Egypt,EGY,Africa,"Alexandria, Egypt"
38.80484,-77.04692,locality,Alexandria,NA,NA,NA,1,Virginia,VA,City of Alexandria,Alexandria,NA,NA,United States,USA,North America,"Alexandria, VA, USA"
51.210106,-1.477921,locality,Andover,NA,NA,NA,1,Hampshire,NA,Hampshire,Andover,Andover,NA,United Kingdom,GBR,Europe,"Andover, England, United Kingdom"
51.210106,-1.477921,locality,Andover,NA,NA,NA,1,Hampshire,NA,Hampshire,Andover,Andover,NA,United Kingdom,GBR,Europe,"Andover, England, United Kingdom"
-29.53605,-62.26363,locality,Argentina,NA,NA,NA,0.6,Santiago del Estero,SE,Aguirre,Argentina,NA,NA,Argentina,ARG,South America,"Argentina, SE, Argentina"
28.093304,-16.68371,locality,Arona,NA,NA,NA,1,Santa Cruz de Tenerife,CN,NA,Arona,Arona,NA,Spain,ESP,Europe,"Arona, CN, Spain"
28.093304,-16.68371,locality,Arona,NA,NA,NA,1,Santa Cruz de Tenerife,CN,NA,Arona,Arona,NA,Spain,ESP,Europe,"Arona, CN, Spain"
30.222346,-97.836521,locality,Austin,NA,NA,NA,1,Texas,TX,Travis County,Austin,NA,NA,United States,USA,North America,"Austin, TX, USA"
30.222346,-97.836521,locality,Austin,NA,NA,NA,1,Texas,TX,Travis County,Austin,NA,NA,United States,USA,North America,"Austin, TX, USA"
42.03847,13.425743,locality,Avezzano,NA,NA,NA,1,L'Aquila,AQ,NA,Avezzano,Avezzano,NA,Italy,ITA,Europe,"Avezzano, AQ, Italy"
42.03847,13.425743,locality,Avezzano,NA,NA,NA,1,L'Aquila,AQ,NA,Avezzano,Avezzano,NA,Italy,ITA,Europe,"Avezzano, AQ, Italy"
43.005404,-73.851069,locality,Ballston Spa,NA,NA,NA,1,New York,NY,Saratoga County,Ballston Spa,Milton,NA,United States,USA,North America,"Ballston Spa, NY, USA"
43.005404,-73.851069,locality,Ballston Spa,NA,NA,NA,1,New York,NY,Saratoga County,Ballston Spa,Milton,NA,United States,USA,North America,"Ballston Spa, NY, USA"
24.045958,90.032723,country,Bangladesh,NA,NA,NA,1,NA,NA,NA,NA,NA,NA,Bangladesh,BGD,Asia,Bangladesh
41.400347,2.159592,locality,Barcelona,NA,NA,NA,1,Barcelona,CT,NA,Barcelona,NA,NA,Spain,ESP,Europe,"Barcelona, Spain"
41.400347,2.159592,locality,Barcelona,NA,NA,NA,1,Barcelona,CT,NA,Barcelona,NA,NA,Spain,ESP,Europe,"Barcelona, Spain"
47.553808,7.592036,locality,Basel,NA,NA,NA,1,Basel-City,BS,Basel-Stadt (unincorporated),Basel,Basel,NA,Switzerland,CHE,Europe,"Basel, BS, Switzerland"
47.553808,7.592036,locality,Basel,NA,NA,NA,1,Basel-City,BS,Basel-Stadt (unincorporated),Basel,Basel,NA,Switzerland,CHE,Europe,"Basel, BS, Switzerland"
30.084818,-94.145006,locality,Beaumont,NA,NA,NA,1,Texas,TX,Jefferson County,Beaumont,NA,NA,United States,USA,North America,"Beaumont, TX, USA"
33.865599,-116.9638,locality,Beaumont,NA,NA,NA,1,California,CA,Riverside County,Beaumont,NA,NA,United States,USA,North America,"Beaumont, CA, USA"
54.603533,-5.928807,locality,Belfast,NA,NA,NA,0.6,Belfast,NA,NA,Belfast,NA,NA,United Kingdom,GBR,Europe,"Belfast, Northern Ireland, United Kingdom"
54.603533,-5.928807,locality,Belfast,NA,NA,NA,0.6,Belfast,NA,NA,Belfast,NA,NA,United Kingdom,GBR,Europe,"Belfast, Northern Ireland, United Kingdom"
12.861718,77.66437,venue,PESIT Bengaluru South,NA,560 100,Hosur Road,1,Karnataka,KA,Bangalore,NA,NA,NA,India,IND,Asia,"PESIT Bengaluru South, KA, India"
28.529515,77.247079,county,South,NA,NA,NA,0.4,Delhi,DL,South,NA,NA,NA,India,IND,Asia,"South, DL, India"
56.75,-3.85,locality,Blair Atholl,NA,NA,NA,1,NA,NA,NA,Blair Atholl,Perth and Kinross,NA,United Kingdom,GBR,Europe,"Blair Atholl, Scotland, United Kingdom"
56.75,-3.85,locality,Blair Atholl,NA,NA,NA,1,NA,NA,NA,Blair Atholl,Perth and Kinross,NA,United Kingdom,GBR,Europe,"Blair Atholl, Scotland, United Kingdom"
42.355492,-71.048611,locality,Boston,NA,NA,NA,1,Massachusetts,MA,Suffolk County,Boston,Boston,NA,United States,USA,North America,"Boston, MA, USA"
42.355492,-71.048611,locality,Boston,NA,NA,NA,1,Massachusetts,MA,Suffolk County,Boston,Boston,NA,United States,USA,North America,"Boston, MA, USA"
50.740796,-1.864552,locality,Bournemouth,NA,NA,NA,1,Dorset,NA,Bournemouth,Bournemouth,NA,NA,United Kingdom,GBR,Europe,"Bournemouth, England, United Kingdom"
50.740796,-1.864552,locality,Bournemouth,NA,NA,NA,1,Dorset,NA,Bournemouth,Bournemouth,NA,NA,United Kingdom,GBR,Europe,"Bournemouth, England, United Kingdom"
42.854392,-72.567535,locality,Brattleboro,NA,NA,NA,1,Vermont,VT,Windham County,Brattleboro,Brattleboro,NA,United States,USA,North America,"Brattleboro, VT, USA"
42.854392,-72.567535,locality,Brattleboro,NA,NA,NA,1,Vermont,VT,Windham County,Brattleboro,Brattleboro,NA,United States,USA,North America,"Brattleboro, VT, USA"
32.755387,-98.912214,locality,Breckenridge,NA,NA,NA,0.6,Texas,TX,Stephens County,Breckenridge,NA,NA,United States,USA,North America,"Breckenridge, TX, USA"
39.482623,-106.046097,locality,Breckenridge,NA,NA,NA,1,Colorado,CO,Summit County,Breckenridge,NA,NA,United States,USA,North America,"Breckenridge, CO, USA"
34.185797,-118.322584,locality,Burbank,NA,NA,NA,1,California,CA,Los Angeles County,Burbank,NA,NA,United States,USA,North America,"Burbank, CA, USA"
34.185797,-118.322584,locality,Burbank,NA,NA,NA,1,California,CA,Los Angeles County,Burbank,NA,NA,United States,USA,North America,"Burbank, CA, USA"
51.573583,-3.219295,locality,Caerphilly,NA,NA,NA,0.6,Gwent,NA,Caerphilly,Caerphilly,Caerphilly Community,NA,United Kingdom,GBR,Europe,"Caerphilly, Wales, United Kingdom"
51.573583,-3.219295,locality,Caerphilly,NA,NA,NA,1,Gwent,NA,Caerphilly,Caerphilly,Caerphilly Community,NA,United Kingdom,GBR,Europe,"Caerphilly, Wales, United Kingdom"
32.303178,-110.877133,locality,Catalina Foothills,NA,NA,NA,0.6,Arizona,AZ,Pima County,Catalina Foothills,NA,NA,United States,USA,North America,"Catalina Foothills, AZ, USA"
32.303178,-110.877133,locality,Catalina Foothills,NA,NA,NA,0.6,Arizona,AZ,Pima County,Catalina Foothills,NA,NA,United States,USA,North America,"Catalina Foothills, AZ, USA"
5.483272,-1.224818,region,Central,NA,NA,NA,1,Central,CP,NA,NA,NA,NA,Ghana,GHA,Africa,"Central, Ghana"
1.316382,103.833828,locality,Singapore,NA,NA,NA,0.6,Central Singapore,CS,NA,Singapore,NA,NA,Singapore,SGP,Asia,Singapore
20.350460000000002,76.25774,locality,Chikhali,NA,NA,NA,1,Maharashtra,MH,Buldhana,Chikhali,NA,NA,India,IND,Asia,"Chikhali, MH, India"
20.350460000000002,76.25774,locality,Chikhali,NA,NA,NA,1,Maharashtra,MH,Buldhana,Chikhali,NA,NA,India,IND,Asia,"Chikhali, MH, India"
51.463526,-2.117486,locality,Chippenham,NA,NA,NA,1,Wiltshire,NA,Wiltshire,Chippenham,Chippenham,NA,United Kingdom,GBR,Europe,"Chippenham, England, United Kingdom"
51.463526,-2.117486,locality,Chippenham,NA,NA,NA,1,Wiltshire,NA,Wiltshire,Chippenham,Chippenham,NA,United Kingdom,GBR,Europe,"Chippenham, England, United Kingdom"
46.28103,7.54288,locality,Chippis,NA,NA,NA,1,Valais,VS,Sierre,Chippis,Chippis,NA,Switzerland,CHE,Europe,"Chippis, VS, Switzerland"
46.28103,7.54288,locality,Chippis,NA,NA,NA,1,Valais,VS,Sierre,Chippis,Chippis,NA,Switzerland,CHE,Europe,"Chippis, VS, Switzerland"
22.401888,-99.604028,locality,Ciudad del Maíz,NA,NA,NA,1,San Luis Potosí,SLP,Ciudad del Maíz,Ciudad del Maíz,NA,NA,Mexico,MEX,North America,"Ciudad del Maíz, SLP, Mexico"
-29.53605,-62.26363,locality,Argentina,NA,NA,NA,0.6,Santiago del Estero,SE,Aguirre,Argentina,NA,NA,Argentina,ARG,South America,"Argentina, SE, Argentina"
52.119485,-0.383655,locality,Cople,NA,NA,NA,1,Bedfordshire,NA,Bedford,Cople,Cople,NA,United Kingdom,GBR,Europe,"Cople, England, United Kingdom"
52.119485,-0.383655,locality,Cople,NA,NA,NA,1,Bedfordshire,NA,Bedford,Cople,Cople,NA,United Kingdom,GBR,Europe,"Cople, England, United Kingdom"
41.7001,-71.68284,locality,Coventry,NA,NA,NA,1,Rhode Island,RI,Kent County,Coventry,Coventry,NA,United States,USA,North America,"Coventry, RI, USA"
52.412945,-1.508416,locality,Coventry,NA,NA,NA,1,West Midlands,NA,Coventry,Coventry,NA,NA,United Kingdom,GBR,Europe,"Coventry, England, United Kingdom"
22.90895,72.63901,locality,Daskroi,NA,NA,NA,1,Gujarat,GJ,Ahmadabad,Daskroi,NA,NA,India,IND,Asia,"Daskroi, GJ, India"
22.90895,72.63901,locality,Daskroi,NA,NA,NA,1,Gujarat,GJ,Ahmadabad,Daskroi,NA,NA,India,IND,Asia,"Daskroi, GJ, India"
50.58118,-3.46644,locality,Dawlish,NA,NA,NA,1,Devon,NA,Devon,Dawlish,Dawlish,NA,United Kingdom,GBR,Europe,"Dawlish, England, United Kingdom"
50.58118,-3.46644,locality,Dawlish,NA,NA,NA,1,Devon,NA,Devon,Dawlish,Dawlish,NA,United Kingdom,GBR,Europe,"Dawlish, England, United Kingdom"
23.7104,90.40744,locality,Dhaka,NA,NA,NA,1,Dhaka,DH,Dhaka,Dhaka,NA,NA,Bangladesh,BGD,Asia,"Dhaka, Bangladesh"
23.7104,90.40744,locality,Dhaka,NA,NA,NA,1,Dhaka,DH,Dhaka,Dhaka,NA,NA,Bangladesh,BGD,Asia,"Dhaka, Bangladesh"
19.105937,-70.804224,country,Dominican Republic,NA,NA,NA,1,NA,NA,NA,NA,NA,NA,Dominican Republic,DOM,North America,Dominican Republic
33.93656,-118.13387,locality,Downey,NA,NA,NA,1,California,CA,Los Angeles County,Downey,NA,NA,United States,USA,North America,"Downey, CA, USA"
33.93656,-118.13387,locality,Downey,NA,NA,NA,1,California,CA,Los Angeles County,Downey,NA,NA,United States,USA,North America,"Downey, CA, USA"
53.264462,-6.20053,region,Dunlaoghaire-Rathdown,NA,NA,NA,0.3,Dunlaoghaire-Rathdown,DN,NA,NA,NA,NA,Ireland,IRL,Europe,"Dunlaoghaire-Rathdown, Ireland"
53.264462,-6.20053,region,Dunlaoghaire-Rathdown,NA,NA,NA,0.3,Dunlaoghaire-Rathdown,DN,NA,NA,NA,NA,Ireland,IRL,Europe,"Dunlaoghaire-Rathdown, Ireland"
41.763618,-72.614321,locality,East Hartford,NA,NA,NA,1,Connecticut,CT,Hartford County,East Hartford,East Hartford,NA,United States,USA,North America,"East Hartford, CT, USA"
52.59431,-1.461208,macroregion,England,NA,NA,NA,0.1,NA,NA,NA,NA,NA,NA,United Kingdom,GBR,Europe,"England, United Kingdom"
41.746526,-81.274904,locality,Fairport Harbor,NA,NA,NA,1,Ohio,OH,Lake County,Fairport Harbor,Painesville Township,NA,United States,USA,North America,"Fairport Harbor, OH, USA"
41.746526,-81.274904,locality,Fairport Harbor,NA,NA,NA,1,Ohio,OH,Lake County,Fairport Harbor,Painesville Township,NA,United States,USA,North America,"Fairport Harbor, OH, USA"
36.76239,-108.179549,locality,Farmington,NA,NA,NA,1,New Mexico,NM,San Juan County,Farmington,NA,NA,United States,USA,North America,"Farmington, NM, USA"
36.76239,-108.179549,locality,Farmington,NA,NA,NA,1,New Mexico,NM,San Juan County,Farmington,NA,NA,United States,USA,North America,"Farmington, NM, USA"
39.754564,-104.97921,neighbourhood,Five Points,NA,NA,NA,1,Colorado,CO,Denver County,Denver,NA,Five Points,United States,USA,North America,"Five Points, Denver, CO, USA"
39.352290000000004,-82.22626,locality,Five Points,NA,NA,NA,1,Ohio,OH,Athens County,Five Points,Waterloo Township,NA,United States,USA,North America,"Five Points, OH, USA"
27.97762,-81.769611,region,Florida,NA,NA,NA,1,Florida,FL,NA,NA,NA,NA,United States,USA,North America,"Florida, USA"
27.97762,-81.769611,region,Florida,NA,NA,NA,1,Florida,FL,NA,NA,NA,NA,United States,USA,North America,"Florida, USA"
50.041821,8.584764,locality,Frankfurt,NA,NA,NA,1,Hesse,HE,Frankfurt,Frankfurt,Frankfurt am Main,NA,Germany,DEU,Europe,"Frankfurt, HE, Germany"
50.041821,8.584764,locality,Frankfurt,NA,NA,NA,0.6,Hesse,HE,Frankfurt,Frankfurt,Frankfurt am Main,NA,Germany,DEU,Europe,"Frankfurt, HE, Germany"
39.152206,-77.217536,locality,Gaithersburg,NA,NA,NA,1,Maryland,MD,Montgomery County,Gaithersburg,NA,NA,United States,USA,North America,"Gaithersburg, MD, USA"
39.152206,-77.217536,locality,Gaithersburg,NA,NA,NA,1,Maryland,MD,Montgomery County,Gaithersburg,NA,NA,United States,USA,North America,"Gaithersburg, MD, USA"
35.162488,128.922569,county,Gangseo,NA,NA,NA,0.4,Busan,PU,Gangseo,NA,NA,NA,South Korea,KOR,Asia,South Korea Busan Gangseo
35.162488,128.922569,county,Gangseo,NA,NA,NA,0.4,Busan,PU,Gangseo,NA,NA,NA,South Korea,KOR,Asia,South Korea Busan Gangseo
-33.427929,115.640826,locality,Gelorup,NA,NA,NA,0.6,Western Australia,WA,Capel,Gelorup,Gelorup,NA,Australia,AUS,Oceania,"Gelorup, WA, Australia"
-33.427929,115.640826,locality,Gelorup,NA,NA,NA,0.6,Western Australia,WA,Capel,Gelorup,Gelorup,NA,Australia,AUS,Oceania,"Gelorup, WA, Australia"
39.157029,-76.610553,locality,Glen Burnie,NA,NA,NA,1,Maryland,MD,Anne Arundel County,Glen Burnie,NA,NA,United States,USA,North America,"Glen Burnie, MD, USA"
39.157029,-76.610553,locality,Glen Burnie,NA,NA,NA,1,Maryland,MD,Anne Arundel County,Glen Burnie,NA,NA,United States,USA,North America,"Glen Burnie, MD, USA"
31.14874,72.68656,locality,Gojra,NA,NA,NA,1,Punjab,PB,NA,Gojra,NA,NA,Pakistan,PAK,Asia,"Gojra, PB, Pakistan"
31.14874,72.68656,locality,Gojra,NA,NA,NA,1,Punjab,PB,NA,Gojra,NA,NA,Pakistan,PAK,Asia,"Gojra, PB, Pakistan"
42.966709,-85.661973,locality,Grand Rapids,NA,NA,NA,1,Michigan,MI,Kent County,Grand Rapids,Grand Rapids,NA,United States,USA,North America,"Grand Rapids, MI, USA"
42.966709,-85.661973,locality,Grand Rapids,NA,NA,NA,1,Michigan,MI,Kent County,Grand Rapids,Grand Rapids,NA,United States,USA,North America,"Grand Rapids, MI, USA"
53.576158,10.007046,locality,Hamburg,NA,NA,NA,1,Hamburg,HH,Hamburg,Hamburg,Hamburg,NA,Germany,DEU,Europe,"Hamburg, Germany"
53.576158,10.007046,locality,Hamburg,NA,NA,NA,1,Hamburg,HH,Hamburg,Hamburg,Hamburg,NA,Germany,DEU,Europe,"Hamburg, Germany"
51.490937,-0.225608,macrohood,Hammersmith,NA,NA,NA,0.1,Greater London,NA,NA,London,NA,NA,United Kingdom,GBR,Europe,"Hammersmith, London, England, United Kingdom"
51.490937,-0.225608,macrohood,Hammersmith,NA,NA,NA,0.1,Greater London,NA,NA,London,NA,NA,United Kingdom,GBR,Europe,"Hammersmith, London, England, United Kingdom"
-26.618107,152.932909,locality,Highworth,NA,NA,NA,1,Queensland,QLD,Sunshine Coast,Highworth,NA,NA,Australia,AUS,Oceania,"Highworth, QLD, Australia"
51.629824,-1.711013,locality,Highworth,NA,NA,NA,1,Wiltshire,NA,Swindon,Highworth,Highworth,NA,United Kingdom,GBR,Europe,"Highworth, England, United Kingdom"
39.786268,-75.682244,locality,Hockessin,NA,NA,NA,1,Delaware,DE,New Castle County,Hockessin,NA,NA,United States,USA,North America,"Hockessin, DE, USA"
39.786268,-75.682244,locality,Hockessin,NA,NA,NA,1,Delaware,DE,New Castle County,Hockessin,NA,NA,United States,USA,North America,"Hockessin, DE, USA"
22.381131,114.135572,locality,Hong Kong,NA,NA,NA,0.6,Central and Western,CW,NA,Hong Kong,NA,NA,Hong Kong S.A.R.,HKG,Asia,"Hong Kong, CW, Hong Kong S.A.R."
51.466478,-0.361878,borough,Hounslow,NA,NA,NA,1,Greater London,NA,NA,London,NA,NA,United Kingdom,GBR,Europe,"Hounslow, London, England, United Kingdom"
51.466478,-0.361878,borough,Hounslow,NA,NA,NA,1,Greater London,NA,NA,London,NA,NA,United Kingdom,GBR,Europe,"Hounslow, London, England, United Kingdom"
6.565456,3.248432,county,Alimosho,NA,NA,NA,0.4,Lagos,LA,Alimosho,NA,NA,NA,Nigeria,NGA,Africa,"Alimosho, LA, Nigeria"
6.565456,3.248432,county,Alimosho,NA,NA,NA,0.4,Lagos,LA,Alimosho,NA,NA,NA,Nigeria,NGA,Africa,"Alimosho, LA, Nigeria"
39.904493,-86.250281,region,Indiana,NA,NA,NA,1,Indiana,IN,NA,NA,NA,NA,United States,USA,North America,"Indiana, USA"
39.904493,-86.250281,region,Indiana,NA,NA,NA,1,Indiana,IN,NA,NA,NA,NA,United States,USA,North America,"Indiana, USA"
47.957415,-2.549374,locality,Josselin,NA,NA,NA,1,Morbihan,MB,Josselin,Josselin,Josselin,NA,France,FRA,Europe,"Josselin, France"
47.957415,-2.549374,locality,Josselin,NA,NA,NA,1,Morbihan,MB,Josselin,Josselin,Josselin,NA,France,FRA,Europe,"Josselin, France"
0.31628,32.58219,locality,Kampala,NA,NA,NA,1,Kampala,KM,Central Kampala,Kampala,NA,NA,Uganda,UGA,Africa,"Kampala, Uganda"
0.31628,32.58219,locality,Kampala,NA,NA,NA,1,Kampala,KM,Central Kampala,Kampala,NA,NA,Uganda,UGA,Africa,"Kampala, Uganda"
0.543716,37.918308,country,Kenya,NA,NA,NA,1,NA,NA,NA,NA,NA,NA,Kenya,KEN,Africa,Kenya
52.657589,-7.253797,locality,Kilkenny,NA,NA,NA,1,Kilkenny,KK,NA,Kilkenny,NA,NA,Ireland,IRL,Europe,"Kilkenny, Ireland"
52.657589,-7.253797,locality,Kilkenny,NA,NA,NA,1,Kilkenny,KK,NA,Kilkenny,NA,NA,Ireland,IRL,Europe,"Kilkenny, Ireland"
47.45569,8.74476,locality,Kyburg,NA,NA,NA,1,Zurich,ZH,Pfaffikon,Kyburg,Illnau-Effretikon,NA,Switzerland,CHE,Europe,"Kyburg, ZH, Switzerland"
47.45569,8.74476,locality,Kyburg,NA,NA,NA,1,Zurich,ZH,Pfaffikon,Kyburg,Illnau-Effretikon,NA,Switzerland,CHE,Europe,"Kyburg, ZH, Switzerland"
36.166485,-5.349048,locality,La Línea de la Concepción,NA,NA,NA,1,Cadiz,AN,NA,La Línea de la Concepción,La Línea De La Concepción,NA,Spain,ESP,Europe,"La Línea de la Concepción, AN, Spain"
36.166485,-5.349048,locality,La Línea de la Concepción,NA,NA,NA,1,Cadiz,AN,NA,La Línea de la Concepción,La Línea De La Concepción,NA,Spain,ESP,Europe,"La Línea de la Concepción, AN, Spain"
36.190364,-115.279104,locality,Las Vegas,NA,NA,NA,1,Nevada,NV,Clark County,Las Vegas,NA,NA,United States,USA,North America,"Las Vegas, NV, USA"
36.190364,-115.279104,locality,Las Vegas,NA,NA,NA,1,Nevada,NV,Clark County,Las Vegas,NA,NA,United States,USA,North America,"Las Vegas, NV, USA"
51.917056,-0.671602,neighbourhood,Leighton Buzzard,NA,NA,NA,0.6,Bedfordshire,NA,Central Bedfordshire,Leighton-Linslade,Leighton-Linslade,Leighton Buzzard,United Kingdom,GBR,Europe,"Leighton Buzzard, Leighton-Linslade, England, United Kingdom"
51.917056,-0.671602,neighbourhood,Leighton Buzzard,NA,NA,NA,0.6,Bedfordshire,NA,Central Bedfordshire,Leighton-Linslade,Leighton-Linslade,Leighton Buzzard,United Kingdom,GBR,Europe,"Leighton Buzzard, Leighton-Linslade, England, United Kingdom"
55.891517,-3.519453,locality,Livingston,NA,NA,NA,1,West Lothian,NA,West Lothian,Livingston,West Lothian,NA,United Kingdom,GBR,Europe,"Livingston, Scotland, United Kingdom"
55.891517,-3.519453,locality,Livingston,NA,NA,NA,1,West Lothian,NA,West Lothian,Livingston,West Lothian,NA,United Kingdom,GBR,Europe,"Livingston, Scotland, United Kingdom"
18.037405,-77.502783,region,Manchester,NA,NA,NA,0.3,Manchester,MA,NA,NA,NA,NA,Jamaica,JAM,North America,"Manchester, Jamaica"
42.974874,-71.428478,locality,Manchester,NA,NA,NA,1,New Hampshire,NH,Hillsborough County,Manchester,Manchester,NA,United States,USA,North America,"Manchester, NH, USA"
40.777048,-73.967596,borough,Manhattan,NA,NA,NA,1,New York,NY,New York County,New York,NA,NA,United States,USA,North America,"Manhattan, New York, NY, USA"
40.777048,-73.967596,borough,Manhattan,NA,NA,NA,1,New York,NY,New York County,New York,NA,NA,United States,USA,North America,"Manhattan, New York, NY, USA"
43.295314,5.401581,locality,Marseille,NA,NA,NA,1,Bouches-du-Rhône,BD,1st Arr.,Marseille,NA,NA,France,FRA,Europe,"Marseille, France"
43.295314,5.401581,locality,Marseille,NA,NA,NA,1,Bouches-du-Rhône,BD,1st Arr.,Marseille,NA,NA,France,FRA,Europe,"Marseille, France"
38.717592,-90.503463,locality,Maryland Heights,NA,NA,NA,1,Missouri,MO,St. Louis County,Maryland Heights,Maryland Heights Township,NA,United States,USA,North America,"Maryland Heights, MO, USA"
38.717592,-90.503463,locality,Maryland Heights,NA,NA,NA,1,Missouri,MO,St. Louis County,Maryland Heights,Maryland Heights Township,NA,United States,USA,North America,"Maryland Heights, MO, USA"
42.338167,-122.852301,locality,Medford,NA,NA,NA,1,Oregon,OR,Jackson County,Medford,NA,NA,United States,USA,North America,"Medford, OR, USA"
42.424358,-71.108079,locality,Medford,NA,NA,NA,1,Massachusetts,MA,Middlesex County,Medford,Medford,NA,United States,USA,North America,"Medford, MA, USA"
43.924812,-84.633107,region,Michigan,NA,NA,NA,1,Michigan,MI,NA,NA,NA,NA,United States,USA,North America,"Michigan, USA"
43.924812,-84.633107,region,Michigan,NA,NA,NA,1,Michigan,MI,NA,NA,NA,NA,United States,USA,North America,"Michigan, USA"
46.63636,-94.579641,region,Minnesota,NA,NA,NA,1,Minnesota,MN,NA,NA,NA,NA,United States,USA,North America,"Minnesota, USA"
46.63636,-94.579641,region,Minnesota,NA,NA,NA,1,Minnesota,MN,NA,NA,NA,NA,United States,USA,North America,"Minnesota, USA"
19.39352,-70.52598,locality,Moca,NA,NA,NA,1,Espaillat,ES,Moca,Moca,NA,NA,Dominican Republic,DOM,North America,"Moca, ES, Dominican Republic"
19.39352,-70.52598,locality,Moca,NA,NA,NA,1,Espaillat,ES,Moca,Moca,NA,NA,Dominican Republic,DOM,North America,"Moca, ES, Dominican Republic"
-4.054686,39.665622,locality,Mombasa,NA,NA,NA,1,Coast,CO,Mombasa,Mombasa,NA,NA,Kenya,KEN,Africa,"Mombasa, CO, Kenya"
-4.054686,39.665622,locality,Mombasa,NA,NA,NA,1,Coast,CO,Mombasa,Mombasa,NA,NA,Kenya,KEN,Africa,"Mombasa, CO, Kenya"
31.649504,-7.189711,country,Morocco,NA,NA,NA,1,NA,NA,NA,NA,NA,NA,Morocco,MAR,Africa,Morocco
30.19556,71.47528,locality,Multan,NA,NA,NA,1,Punjab,PB,NA,Multan,NA,NA,Pakistan,PAK,Asia,"Multan, PB, Pakistan"
30.19556,71.47528,locality,Multan,NA,NA,NA,1,Punjab,PB,NA,Multan,NA,NA,Pakistan,PAK,Asia,"Multan, PB, Pakistan"
9.404974,7.607418,country,Nigeria,NA,NA,NA,1,NA,NA,NA,NA,NA,NA,Nigeria,NGA,Africa,Nigeria
52.82121,1.38746,locality,North Walsham,NA,NA,NA,1,Norfolk,NA,Norfolk,North Walsham,North Walsham,NA,United Kingdom,GBR,Europe,"North Walsham, England, United Kingdom"
52.82121,1.38746,locality,North Walsham,NA,NA,NA,1,Norfolk,NA,Norfolk,North Walsham,North Walsham,NA,United Kingdom,GBR,Europe,"North Walsham, England, United Kingdom"
61.356908,9.680372,country,Norway,NA,NA,NA,1,NA,NA,NA,NA,NA,NA,Norway,NOR,Europe,Norway
37.785199,-122.197811,locality,Oakland,NA,NA,NA,1,California,CA,Alameda County,Oakland,NA,NA,United States,USA,North America,"Oakland, CA, USA"
37.785199,-122.197811,locality,Oakland,NA,NA,NA,1,California,CA,Alameda County,Oakland,NA,NA,United States,USA,North America,"Oakland, CA, USA"
33.224992,-117.308423,locality,Oceanside,NA,NA,NA,1,California,CA,San Diego County,Oceanside,NA,NA,United States,USA,North America,"Oceanside, CA, USA"
33.224992,-117.308423,locality,Oceanside,NA,NA,NA,1,California,CA,San Diego County,Oceanside,NA,NA,United States,USA,North America,"Oceanside, CA, USA"
53.1887,-7.791377,region,Offaly,NA,NA,NA,0.3,Offaly,OY,NA,NA,NA,NA,Ireland,IRL,Europe,"Offaly, Ireland"
53.1887,-7.791377,region,Offaly,NA,NA,NA,0.3,Offaly,OY,NA,NA,NA,NA,Ireland,IRL,Europe,"Offaly, Ireland"
43.854178,-120.526709,region,Oregon,NA,NA,NA,1,Oregon,OR,NA,NA,NA,NA,United States,USA,North America,"Oregon, USA"
43.854178,-120.526709,region,Oregon,NA,NA,NA,1,Oregon,OR,NA,NA,NA,NA,United States,USA,North America,"Oregon, USA"
36.359554,-94.200363,locality,Bentonville,NA,NA,NA,1,Arkansas,AR,Benton County,Bentonville,NA,NA,United States,USA,North America,"Bentonville, AR, USA"
43.284557,-92.811036,locality,Osage,NA,NA,NA,1,Iowa,IA,Mitchell County,Osage,NA,NA,United States,USA,North America,"Osage, IA, USA"
45.209415,-75.783876,locality,Ottawa,NA,NA,NA,1,Ontario,ON,Ottawa,Ottawa,NA,NA,Canada,CAN,North America,"Ottawa, ON, Canada"
45.209415,-75.783876,locality,Ottawa,NA,NA,NA,1,Ontario,ON,Ottawa,Ottawa,NA,NA,Canada,CAN,North America,"Ottawa, ON, Canada"
26.865718,-80.187528,locality,Palm Beach Gardens,NA,NA,NA,1,Florida,FL,Palm Beach County,Palm Beach Gardens,NA,NA,United States,USA,North America,"Palm Beach Gardens, FL, USA"
26.865718,-80.187528,locality,Palm Beach Gardens,NA,NA,NA,1,Florida,FL,Palm Beach County,Palm Beach Gardens,NA,NA,United States,USA,North America,"Palm Beach Gardens, FL, USA"
-29.314321,-49.719622,locality,Passo de Torres,NA,NA,NA,1,Santa Catarina,SC,Passo de Torres,Passo de Torres,Passo De Torres,NA,Brazil,BRA,South America,"Passo de Torres, SC, Brazil"
-29.314321,-49.719622,locality,Passo de Torres,NA,NA,NA,1,Santa Catarina,SC,Passo de Torres,Passo de Torres,Passo De Torres,NA,Brazil,BRA,South America,"Passo de Torres, SC, Brazil"
33.60503,-112.070892,locality,Phoenix,NA,NA,NA,1,Arizona,AZ,Maricopa County,Phoenix,NA,NA,United States,USA,North America,"Phoenix, AZ, USA"
33.60503,-112.070892,locality,Phoenix,NA,NA,NA,1,Arizona,AZ,Maricopa County,Phoenix,NA,NA,United States,USA,North America,"Phoenix, AZ, USA"
40.450509,-79.936305,locality,Pittsburgh,NA,NA,NA,1,Pennsylvania,PA,Allegheny County,Pittsburgh,Pittsburgh,NA,United States,USA,North America,"Pittsburgh, PA, USA"
40.450509,-79.936305,locality,Pittsburgh,NA,NA,NA,1,Pennsylvania,PA,Allegheny County,Pittsburgh,Pittsburgh,NA,United States,USA,North America,"Pittsburgh, PA, USA"
44.49649,-65.943562,locality,Plympton,NA,NA,NA,0.6,Nova Scotia,NS,NA,Plympton,NA,NA,Canada,CAN,North America,"Plympton, NS, Canada"
50.387946,-4.056972,neighbourhood,Plympton,NA,NA,NA,0.6,Devon,NA,City of Plymouth,Plymouth,NA,Plympton,United Kingdom,GBR,Europe,"Plympton, Plymouth, England, United Kingdom"
52.348531,-0.533054,locality,Raunds,NA,NA,NA,1,Northamptonshire,NA,Northamptonshire,Raunds,Raunds,NA,United Kingdom,GBR,Europe,"Raunds, England, United Kingdom"
52.348531,-0.533054,locality,Raunds,NA,NA,NA,1,Northamptonshire,NA,Northamptonshire,Raunds,Raunds,NA,United Kingdom,GBR,Europe,"Raunds, England, United Kingdom"
33.6007,73.0679,locality,Rawalpindi,NA,NA,NA,1,Punjab,PB,NA,Rawalpindi,NA,NA,Pakistan,PAK,Asia,"Rawalpindi, PB, Pakistan"
33.6007,73.0679,locality,Rawalpindi,NA,NA,NA,1,Punjab,PB,NA,Rawalpindi,NA,NA,Pakistan,PAK,Asia,"Rawalpindi, PB, Pakistan"
51.45293,-0.982898,locality,Reading,NA,NA,NA,1,Berkshire,NA,Reading,Reading,NA,NA,United Kingdom,GBR,Europe,"Reading, England, United Kingdom"
51.45293,-0.982898,locality,Reading,NA,NA,NA,1,Berkshire,NA,Reading,Reading,NA,NA,United Kingdom,GBR,Europe,"Reading, England, United Kingdom"
36.382192,128.123986,country,South Korea,NA,NA,NA,1,NA,NA,NA,NA,NA,NA,South Korea,KOR,Asia,South Korea
34.043908,-84.369797,locality,Roswell,NA,NA,NA,1,Georgia,GA,Fulton County,Roswell,NA,NA,United States,USA,North America,"Roswell, GA, USA"
33.398291,-104.530202,locality,Roswell,NA,NA,NA,1,New Mexico,NM,Chaves County,Roswell,NA,NA,United States,USA,North America,"Roswell, NM, USA"
40.773201,-111.933984,locality,Salt Lake City,NA,NA,NA,1,Utah,UT,Salt Lake County,Salt Lake City,NA,NA,United States,USA,North America,"Salt Lake City, UT, USA"
40.773201,-111.933984,locality,Salt Lake City,NA,NA,NA,1,Utah,UT,Salt Lake County,Salt Lake City,NA,NA,United States,USA,North America,"Salt Lake City, UT, USA"
36.052028,14.198206,region,San Lawrenz,NA,NA,NA,0.3,San Lawrenz,99,NA,NA,NA,NA,Malta,MLT,Europe,"San Lawrenz, Malta"
37.674189,-122.134764,locality,San Lorenzo,NA,NA,NA,1,California,CA,Alameda County,San Lorenzo,NA,NA,United States,USA,North America,"San Lorenzo, CA, USA"
14.96389,-91.79444,locality,San Marcos,NA,NA,NA,1,San Marcos,SM,San Marcos,San Marcos,NA,NA,Guatemala,GTM,North America,"San Marcos, Guatemala"
33.142421,-117.166665,locality,San Marcos,NA,NA,NA,1,California,CA,San Diego County,San Marcos,NA,NA,United States,USA,North America,"San Marcos, CA, USA"
-23.570533,-46.663713,locality,São Paulo,NA,NA,NA,1,Sao Paulo,SP,Sao Paulo,São Paulo,Jardim Paulista,NA,Brazil,BRA,South America,"São Paulo, Brazil"
-23.570533,-46.663713,locality,São Paulo,NA,NA,NA,1,Sao Paulo,SP,Sao Paulo,São Paulo,Jardim Paulista,NA,Brazil,BRA,South America,"São Paulo, Brazil"
46.299285,7.532625,locality,Sierre,NA,NA,NA,1,Valais,VS,Sierre,Sierre,Sierre,NA,Switzerland,CHE,Europe,"Sierre, VS, Switzerland"
46.299285,7.532625,locality,Sierre,NA,NA,NA,1,Valais,VS,Sierre,Sierre,Sierre,NA,Switzerland,CHE,Europe,"Sierre, VS, Switzerland"
1.316382,103.833828,locality,Singapore,NA,NA,NA,0.6,Central Singapore,CS,NA,Singapore,NA,NA,Singapore,SGP,Asia,Singapore
54.270066,-8.472514,locality,Sligo,NA,NA,NA,1,Sligo,SO,NA,Sligo,NA,NA,Ireland,IRL,Europe,"Sligo, Ireland"
54.270066,-8.472514,locality,Sligo,NA,NA,NA,1,Sligo,SO,NA,Sligo,NA,NA,Ireland,IRL,Europe,"Sligo, Ireland"
52.33177,0.33869,locality,Soham,NA,NA,NA,1,Cambridgeshire,NA,Cambridgeshire,Soham,Soham,NA,United Kingdom,GBR,Europe,"Soham, England, United Kingdom"
52.33177,0.33869,locality,Soham,NA,NA,NA,1,Cambridgeshire,NA,Cambridgeshire,Soham,Soham,NA,United Kingdom,GBR,Europe,"Soham, England, United Kingdom"
42.38573,-71.09615,locality,Somerville,NA,NA,NA,1,Massachusetts,MA,Middlesex County,Somerville,Somerville,NA,United States,USA,North America,"Somerville, MA, USA"
42.38573,-71.09615,locality,Somerville,NA,NA,NA,1,Massachusetts,MA,Middlesex County,Somerville,Somerville,NA,United States,USA,North America,"Somerville, MA, USA"
40.486133,-74.278133,locality,South Amboy,NA,NA,NA,1,New Jersey,NJ,Middlesex County,South Amboy,South Amboy,NA,United States,USA,North America,"South Amboy, NJ, USA"
40.486133,-74.278133,locality,South Amboy,NA,NA,NA,1,New Jersey,NJ,Middlesex County,South Amboy,South Amboy,NA,United States,USA,North America,"South Amboy, NJ, USA"
33.702857,-80.627523,region,South Carolina,NA,NA,NA,1,South Carolina,SC,NA,NA,NA,NA,United States,USA,North America,"South Carolina, USA"
33.702857,-80.627523,region,South Carolina,NA,NA,NA,1,South Carolina,SC,NA,NA,NA,NA,United States,USA,North America,"South Carolina, USA"
33.95474,-118.21202,locality,South Gate,NA,NA,NA,1,NA,NA,NA,South Gate,NA,NA,United States,USA,NA,"South Gate, USA"
34.623394,-86.55341,neighbourhood,South Gate,NA,NA,NA,0.6,Alabama,AL,Madison County,Huntsville,NA,South Gate,United States,USA,North America,"South Gate, Huntsville, AL, USA"
30.898142,34.880232,region,Southern,NA,NA,NA,0.3,Southern,HD,NA,NA,NA,NA,Israel,ISR,Asia,"Southern, Israel"
22.23157,114.018829,region,Islands,NA,NA,NA,0.3,Islands,IS,NA,NA,NA,NA,Hong Kong S.A.R.,HKG,Asia,"Islands, Hong Kong S.A.R."
41.093085,-73.550846,locality,Stamford,NA,NA,NA,1,Connecticut,CT,Fairfield County,Stamford,Stamford,NA,United States,USA,North America,"Stamford, CT, USA"
41.093085,-73.550846,locality,Stamford,NA,NA,NA,1,Connecticut,CT,Fairfield County,Stamford,Stamford,NA,United States,USA,North America,"Stamford, CT, USA"
40.589886,-74.151842,borough,Staten Island,NA,NA,NA,1,New York,NY,Richmond County,New York,NA,NA,United States,USA,North America,"Staten Island, NY, USA"
40.589886,-74.151842,borough,Staten Island,NA,NA,NA,1,New York,NY,Richmond County,New York,NA,NA,United States,USA,North America,"Staten Island, NY, USA"
38.978638,-77.003024,locality,Takoma Park,NA,NA,NA,1,Maryland,MD,Montgomery County,Takoma Park,NA,NA,United States,USA,North America,"Takoma Park, MD, USA"
38.978638,-77.003024,locality,Takoma Park,NA,NA,NA,1,Maryland,MD,Montgomery County,Takoma Park,NA,NA,United States,USA,North America,"Takoma Park, MD, USA"
39.39251,-76.619043,locality,Towson,NA,NA,NA,1,Maryland,MD,Baltimore County,Towson,NA,NA,United States,USA,North America,"Towson, MD, USA"
39.39251,-76.619043,locality,Towson,NA,NA,NA,1,Maryland,MD,Baltimore County,Towson,NA,NA,United States,USA,North America,"Towson, MD, USA"
60.398454,22.185732,locality,Turku,NA,NA,NA,1,Southwest Finland,NA,Turku,Turku,Turku,NA,Finland,FIN,Europe,"Turku, Finland"
60.398454,22.185732,locality,Turku,NA,NA,NA,1,Southwest Finland,NA,Turku,Turku,Turku,NA,Finland,FIN,Europe,"Turku, Finland"
0.90406,32.443764,country,Uganda,NA,NA,NA,1,NA,NA,NA,NA,NA,NA,Uganda,UGA,Africa,Uganda
60.152468,11.19368,localadmin,Ullensaker,NA,NA,NA,1,Viken,NA,NA,NA,Ullensaker,NA,Norway,NOR,Europe,"Ullensaker, Norway"
60.152468,11.19368,localadmin,Ullensaker,NA,NA,NA,1,Viken,NA,NA,NA,Ullensaker,NA,Norway,NOR,Europe,"Ullensaker, Norway"
41.513101,-81.607469,neighbourhood,University,NA,NA,NA,1,Ohio,OH,Cuyahoga County,Cleveland,Cleveland,University,United States,USA,North America,"University, Cleveland, OH, USA"
28.077051,-82.43741,locality,University,NA,NA,NA,1,Florida,FL,Hillsborough County,University,NA,NA,United States,USA,North America,"University, FL, USA"
45.581192,12.561157,region,Venezia,NA,NA,NA,0.3,Venezia,VE,NA,NA,NA,NA,Italy,ITA,Europe,"Venezia, Italy"
45.581192,12.561157,region,Venezia,NA,NA,NA,0.3,Venezia,VE,NA,NA,NA,NA,Italy,ITA,Europe,"Venezia, Italy"
44.211857,-72.681238,region,Vermont,NA,NA,NA,1,Vermont,VT,NA,NA,NA,NA,United States,USA,North America,"Vermont, USA"
44.211857,-72.681238,region,Vermont,NA,NA,NA,1,Vermont,VT,NA,NA,NA,NA,United States,USA,North America,"Vermont, USA"
46.462626,6.842412,locality,Vevey,NA,NA,NA,1,Vaud,VD,Vaud (unincorporated),Vevey,Vevey,NA,Switzerland,CHE,Europe,"Vevey, VD, Switzerland"
46.462626,6.842412,locality,Vevey,NA,NA,NA,1,Vaud,VD,Vaud (unincorporated),Vevey,Vevey,NA,Switzerland,CHE,Europe,"Vevey, VD, Switzerland"
22.381131,114.135572,locality,Hong Kong,NA,NA,NA,1,Central and Western,CW,NA,Hong Kong,NA,NA,Hong Kong S.A.R.,HKG,Asia,"Hong Kong, CW, Hong Kong S.A.R."
-37.014348,143.480452,region,Victoria,NA,NA,NA,1,Victoria,VIC,NA,NA,NA,NA,Australia,AUS,Oceania,"Victoria, Australia"
52.336717,-3.76532,macroregion,Wales,NA,NA,NA,0.1,NA,NA,NA,NA,NA,NA,United Kingdom,GBR,Europe,"Wales, United Kingdom"
52.336717,-3.76532,macroregion,Wales,NA,NA,NA,0.1,NA,NA,NA,NA,NA,NA,United Kingdom,GBR,Europe,"Wales, United Kingdom"
51.455404,-0.191963,borough,Wandsworth,NA,NA,NA,1,Greater London,NA,NA,London,NA,NA,United Kingdom,GBR,Europe,"Wandsworth, London, England, United Kingdom"
51.455404,-0.191963,borough,Wandsworth,NA,NA,NA,1,Greater London,NA,NA,London,NA,NA,United Kingdom,GBR,Europe,"Wandsworth, London, England, United Kingdom"
